{
    "name": "pushhybrid",
    "description": "推送Hybrid版本桥接文件，平台库请点选Android或iOS下载",
    "chooseDescription":"",
    "title": "Push SDK 1.0.0",
    "docslink": "http://dev.umeng.com/sdk_integate/%E4%B8%89%E6%96%B9%E6%A1%86%E6%9E%B6%E7%BB%84%E4%BB%B6%E5%8C%96/hybrid%E7%BB%84%E4%BB%B6%E5%8C%96%E6%96%87%E6%A1%A3#3",
    "notice": "推送Hybrid版本桥接文件，平台库请点选Android或iOS下载",
    "show": 1,
    "required": 0,
    "display_platform": "Hybrid",
    "packages": [
          {
            "required": 1,
            "docslink": "",
            "key": "hybridpush",
            "description": "",
            "title": "",
            "destination": "",
            "files": [
                "UMHybrid/push_android/*",
                "UMHybrid/push_ios/*"
            ]
        }
       ]
}
