{
    "name": "commonhybrid",
    "title": "",
    "description": "hybrid common",
    "docslink": "http://dev.umeng.com/sdk_integate/android_sdk/android_common_guide",
    "show": 0,
    "required": 1,
    "display_platform": "Hybrid",
    "packages": [
        {
            "required": 1,
            "docslink": "",
            "key": "androidhybrid",
            "description": "",
            "title": "",
            "destination": "",
            "files": [
                "UMHybrid/common_android/*",
                "UMHybrid/js/*",
                "UMHybrid/common_ios/*"
            ]
        }
    ]
}
